[1,["8cvdR1ymlLQri/yGmCohH8","aaWv5y++BKca1XdI+RpP9J","d1tWe39VJHwb4Xpzrhu/a6","47NwwCAiJPNYcyi5nRtk5F","d7THQT3jdPOIfTjTkMX3YW","7dauTGb8pIzIEqx8DMSbTw","2avP8WdhtEArN6YZHOtX8S","248sz8FqdBEo2fV2TRBT1y","b3X84UleRGlZxhrOoWOF6d","57iti6DFNFEY12X/9JK0ep","3cmiu7xMJP+rTsz1ZoJltV","47xgsLGcFGR4lRlf87UDpy","3dMBJGwwhFFKCkrEE4eUiw","56ff5lpJtPX4efZEMyGq7C","fela/Rr3VLEq9UdgC1dhMv","0ekDfLGctOfqIcLXeHPoD/","9bvaMerUlDyary99mJa6xp","3f5v86NMNGLLqFr8Gtl+Et","0c8PvAuKBIWLR4ncZHnjik","b0zGD3jmVACK0//RrJzo77","d8HsitJHxOYqo801xBk8ev"],["node","_spriteFrame","_textureSetter","_N$target","_N$normalSprite","_N$pressedSprite","_parent","root","inputBox","data"],["cc.SpriteFrame",["cc.Node",["_name","_components","_prefab","_contentSize","_parent","_children","_trs","_color","_anchorPoint"],2,9,4,5,1,2,7,5,5],["cc.Sprite",["_sizeMode","_type","node","_spriteFrame"],1,1,6],["cc.Widget",["_alignFlags","_originalWidth","_originalHeight","alignMode","node"],-1,1],["cc.Layout",["_N$layoutType","_resize","_N$spacingX","_N$affectedByScale","node","_layoutSize"],-1,1,5],["cc.ClickEvent",["_componentId","handler","customEventData","target"],0,1],["cc.Label",["_N$verticalAlign","_string","_lineHeight","_N$horizontalAlign","node"],-1,1],["cc.Prefab",["_name"],2],["cc.BlockInputEvents",["node"],3,1],["3836avgHaRHJZvbu/1ZZ4Pj",["node","inputBox"],3,1,1],["cc.PrefabInfo",["fileId","root"],2,1],["cc.Button",["_N$transition","node","clickEvents","_N$pressedColor","_N$disabledColor","_N$target","_N$normalSprite","_N$pressedSprite"],2,1,9,5,5,1,6,6]],[[10,0,1,2],[2,0,2,3,2],[1,0,4,5,1,2,3,6,2],[1,0,4,1,2,3,2],[2,2,3,1],[11,0,1,2,3,4,5,6,7,2],[5,0,1,2,3,4],[1,0,4,1,2,7,3,2],[6,2,3,0,4,4],[1,0,5,1,2,7,3,8,6,2],[5,0,1,3,3],[7,0,2],[1,0,5,1,2,3,6,2],[1,0,4,5,1,2,3,2],[1,0,4,1,2,7,3,6,2],[8,0,1],[9,0,1,1],[3,3,0,1,2,4,5],[3,0,1,2,4,4],[2,1,0,2,3,3],[4,0,4,5,2],[4,1,0,2,3,4,5,5],[6,1,0,4,3]],[[[{"name":"joinRoom_del","rect":[2,178,73,46],"offset":[0,-2],"originalSize":[247,102],"capInsets":[0,0,0,0]}],[0],0,[0],[2],[1]],[[[11,"input_number"],[12,"inputNumber",[-6],[[15,-2],[16,-4,-3],[17,0,45,1600,640,-5]],[0,"379ZQqJJRJfpIIxHrZh9K+",-1],[5,360,500],[180,250,0,0,0,0,1,1,1,1]],[9,"num_panel",[-9,-10,-11,-12,-13,-14,-15,-16,-17,-18,-19,-20],[[19,3,0,-7,54],[20,3,-8,[5,360,400]]],[0,"d7o8DKT41IqIuPPBSS0rpR",1],[4,4289177511],[5,360,400],[0,0.5,0],[1,-270,0,0,0,0,1,1,1,1]],[9,"room_num_box",[-22,-23,-24,-25,-26,-27],[[21,1,1,10,true,-21,[5,352.4,0]]],[0,"35YW+HBUVOhaW2LNk5SH3I",1],[4,4289177511],[5,352.4,0],[0,0,0.5],[-177,152.6,0,0,0,0,1,1,1,1]],[13,"content",1,[-30,3,2],[[1,0,-28,55],[18,45,2,2,-29]],[0,"87BCkePxRMXZgGIb0PSAru",1],[5,360,500]],[2,"1",2,[-34],[[1,0,-31,7],[5,2,-33,[[6,"3836avgHaRHJZvbu/1ZZ4Pj","onNumBtnClicked","1",1]],[4,4288716960],[4,4294967295],-32,8,9]],[0,"caOMz+GztFNJiTrwpgAY6O",1],[5,118,96],[-121,352,0,0,0,0,1,1,1,1]],[2,"2",2,[-38],[[1,0,-35,11],[5,2,-37,[[6,"3836avgHaRHJZvbu/1ZZ4Pj","onNumBtnClicked","2",1]],[4,4294967295],[4,4294967295],-36,12,13]],[0,"91OOd64MBDubkxc0fxTjSv",1],[5,118,96],[-3,352,0,0,0,0,1,1,1,1]],[2,"3",2,[-42],[[1,0,-39,15],[5,2,-41,[[6,"3836avgHaRHJZvbu/1ZZ4Pj","onNumBtnClicked","3",1]],[4,4294967295],[4,4294967295],-40,16,17]],[0,"dacP/+T/1CXqhB9vZq6vMf",1],[5,118,96],[115,352,0,0,0,0,1,1,1,1]],[2,"4",2,[-46],[[1,0,-43,19],[5,2,-45,[[6,"3836avgHaRHJZvbu/1ZZ4Pj","onNumBtnClicked","4",1]],[4,4294967295],[4,4294967295],-44,20,21]],[0,"98lvo3tOtN1KZv/ESkaOZ0",1],[5,118,96],[-121,256,0,0,0,0,1,1,1,1]],[2,"5",2,[-50],[[1,0,-47,23],[5,2,-49,[[6,"3836avgHaRHJZvbu/1ZZ4Pj","onNumBtnClicked","5",1]],[4,4294967295],[4,4294967295],-48,24,25]],[0,"c7FQn7nMtFs6p6kqpXOyqy",1],[5,118,96],[-3,256,0,0,0,0,1,1,1,1]],[2,"6",2,[-54],[[1,0,-51,27],[5,2,-53,[[6,"3836avgHaRHJZvbu/1ZZ4Pj","onNumBtnClicked","6",1]],[4,4294967295],[4,4294967295],-52,28,29]],[0,"c6+9V0ypBC1Ys3yG38kq/r",1],[5,118,96],[115,256,0,0,0,0,1,1,1,1]],[2,"7",2,[-58],[[1,0,-55,31],[5,2,-57,[[6,"3836avgHaRHJZvbu/1ZZ4Pj","onNumBtnClicked","7",1]],[4,4294967295],[4,4294967295],-56,32,33]],[0,"393SmAoG9Ff7k8sdTo0jF+",1],[5,118,96],[-121,160,0,0,0,0,1,1,1,1]],[2,"8",2,[-62],[[1,0,-59,35],[5,2,-61,[[6,"3836avgHaRHJZvbu/1ZZ4Pj","onNumBtnClicked","8",1]],[4,4294967295],[4,4294967295],-60,36,37]],[0,"491GxTkZ1IHp18VmU7Qkcm",1],[5,118,96],[-3,160,0,0,0,0,1,1,1,1]],[2,"9",2,[-66],[[1,0,-63,39],[5,2,-65,[[6,"3836avgHaRHJZvbu/1ZZ4Pj","onNumBtnClicked","9",1]],[4,4294967295],[4,4294967295],-64,40,41]],[0,"d4sTmsJrhMCLdj9cq8vn21",1],[5,118,96],[115,160,0,0,0,0,1,1,1,1]],[2,"reset",2,[-70],[[1,0,-67,43],[5,2,-69,[[10,"3836avgHaRHJZvbu/1ZZ4Pj","onResetBtnClicked",1]],[4,4294967295],[4,4294967295],-68,44,45]],[0,"a9ZQ1ugoRGSbhtYtRhpNJ5",1],[5,118,96],[-121,64,0,0,0,0,1,1,1,1]],[2,"0",2,[-74],[[1,0,-71,47],[5,2,-73,[[6,"3836avgHaRHJZvbu/1ZZ4Pj","onNumBtnClicked","0",1]],[4,4294967295],[4,4294967295],-72,48,49]],[0,"9cY+hqNXBJgZEnvyVE0zpV",1],[5,118,96],[-3,64,0,0,0,0,1,1,1,1]],[2,"clean",2,[-78],[[1,0,-75,51],[5,2,-77,[[10,"3836avgHaRHJZvbu/1ZZ4Pj","onCleanBtnClicked",1]],[4,4294967295],[4,4294967295],-76,52,53]],[0,"53P1GqqrdJrbkuYcY3mNQJ",1],[5,118,96],[115,64,0,0,0,0,1,1,1,1]],[2,"box",3,[-80],[[1,0,-79,0]],[0,"5entwIw+NKTabZKD5uuA23",1],[5,80,80],[25.2,0,0,0,0,0,1,0.63,0.63,1]],[2,"box copy",3,[-82],[[1,0,-81,1]],[0,"91kagGFKZKFIs844FYt4yo",1],[5,80,80],[85.6,0,0,0,0,0,1,0.63,0.63,1]],[2,"box copy",3,[-84],[[1,0,-83,2]],[0,"4dImMUbFBHMJcDgDj0GHql",1],[5,80,80],[146,0,0,0,0,0,1,0.63,0.63,1]],[2,"box",3,[-86],[[1,0,-85,3]],[0,"3fOfNACwZJ87wjAkjCs3e+",1],[5,80,80],[206.39999999999998,0,0,0,0,0,1,0.63,0.63,1]],[2,"box copy",3,[-88],[[1,0,-87,4]],[0,"f0XiG2zt5ENbme132iD5lb",1],[5,80,80],[266.79999999999995,0,0,0,0,0,1,0.63,0.63,1]],[2,"box copy",3,[-90],[[1,0,-89,5]],[0,"0bd+K/uZVBypvDorVkDwrh",1],[5,80,80],[327.19999999999993,0,0,0,0,0,1,0.63,0.63,1]],[14,"title",4,[[22,"数字键盘",1,-91]],[0,"24tpJxpNxJs71fEQj3ApUE",1],[4,4280728278],[5,160,40],[2,215.8,0,0,0,0,1,1,1,1]],[7,"num",17,[[8,45,1,1,-92]],[0,"fbR34K0bJEq4HzoLpw9dnQ",1],[4,4279146683],[5,0,45]],[7,"num",18,[[8,45,1,1,-93]],[0,"74xOmBywBHZJyz2VjdlyS1",1],[4,4279146683],[5,0,45]],[7,"num",19,[[8,45,1,1,-94]],[0,"41FdmT2v9FipKIB0IlDbXu",1],[4,4279146683],[5,0,45]],[7,"num",20,[[8,45,1,1,-95]],[0,"5dDU24J+1IcpgUM70w6F9v",1],[4,4279146683],[5,0,45]],[7,"num",21,[[8,45,1,1,-96]],[0,"d0/NPYvwxHi6m5Ko+0N6Pk",1],[4,4279146683],[5,0,45]],[7,"num",22,[[8,45,1,1,-97]],[0,"2628fXo2VDZLTRtmyGiPFh",1],[4,4279146683],[5,0,45]],[3,"1",5,[[4,-98,6]],[0,"94eHoaPnhGWIN9BgYg5+8g",1],[5,23,48]],[3,"2",6,[[4,-99,10]],[0,"0elOiiR11D8ZB4uXznr/VA",1],[5,37,48]],[3,"3",7,[[4,-100,14]],[0,"52q9tBMCZL34xW6CNtotH+",1],[5,35,48]],[3,"4",8,[[4,-101,18]],[0,"ec4OwCc4lAPLgw+JvauA67",1],[5,39,48]],[3,"5",9,[[4,-102,22]],[0,"952I8G+fpHG4qFQ5SUXeRk",1],[5,35,48]],[3,"6",10,[[4,-103,26]],[0,"f0OPmQduVLKKqHGhiH3rjI",1],[5,37,48]],[3,"7",11,[[4,-104,30]],[0,"aeSOEn0PhAW4SribmMHH0o",1],[5,37,48]],[3,"8",12,[[4,-105,34]],[0,"2aUyZYRT9IgKq/FetT3hLJ",1],[5,37,48]],[3,"9",13,[[4,-106,38]],[0,"868s1nestA9ZxCc6F/Wzvh",1],[5,37,48]],[3,"reset",14,[[4,-107,42]],[0,"49qWSxOlFKArGXd0ON8SAA",1],[5,87,46]],[3,"0",15,[[4,-108,46]],[0,"59ZB1xUyxAwYgyCk4htImL",1],[5,39,48]],[3,"clean",16,[[4,-109,50]],[0,"6bm5iMmPNBYoVobecIAa3o",1],[5,73,46]]],0,[0,7,1,0,0,1,0,8,3,0,0,1,0,0,1,0,-1,4,0,0,2,0,0,2,0,-1,5,0,-2,6,0,-3,7,0,-4,8,0,-5,9,0,-6,10,0,-7,11,0,-8,12,0,-9,13,0,-10,14,0,-11,15,0,-12,16,0,0,3,0,-1,17,0,-2,18,0,-3,19,0,-4,20,0,-5,21,0,-6,22,0,0,4,0,0,4,0,-1,23,0,0,5,0,3,5,0,0,5,0,-1,30,0,0,6,0,3,6,0,0,6,0,-1,31,0,0,7,0,3,7,0,0,7,0,-1,32,0,0,8,0,3,8,0,0,8,0,-1,33,0,0,9,0,3,9,0,0,9,0,-1,34,0,0,10,0,3,10,0,0,10,0,-1,35,0,0,11,0,3,11,0,0,11,0,-1,36,0,0,12,0,3,12,0,0,12,0,-1,37,0,0,13,0,3,13,0,0,13,0,-1,38,0,0,14,0,3,14,0,0,14,0,-1,39,0,0,15,0,3,15,0,0,15,0,-1,40,0,0,16,0,3,16,0,0,16,0,-1,41,0,0,17,0,-1,24,0,0,18,0,-1,25,0,0,19,0,-1,26,0,0,20,0,-1,27,0,0,21,0,-1,28,0,0,22,0,-1,29,0,0,23,0,0,24,0,0,25,0,0,26,0,0,27,0,0,28,0,0,29,0,0,30,0,0,31,0,0,32,0,0,33,0,0,34,0,0,35,0,0,36,0,0,37,0,0,38,0,0,39,0,0,40,0,0,41,0,9,1,2,6,4,3,6,4,109],[0,0,0,0,0,0,0,0,0,0,0,0,0,0,0,0,0,0,0,0,0,0,0,0,0,0,0,0,0,0,0,0,0,0,0,0,0,0,0,0,0,0,0,0,0,0,0,0,0,0,0,0,0,0,0,0],[1,1,1,1,1,1,1,1,4,5,1,1,4,5,1,1,4,5,1,1,4,5,1,1,4,5,1,1,4,5,1,1,4,5,1,1,4,5,1,1,4,5,1,1,4,5,1,1,4,5,1,1,4,5,1,1],[3,3,3,3,3,3,4,0,0,2,5,0,0,2,6,0,0,2,7,0,0,2,8,0,0,2,9,0,0,2,10,0,0,2,11,0,0,2,12,0,0,2,13,0,0,2,14,0,0,2,15,0,0,2,16,17]],[[{"name":"joinRoom_four","rect":[166,106,39,48],"offset":[0,-3],"originalSize":[247,102],"rotated":1,"capInsets":[0,0,0,0]}],[0],0,[0],[2],[1]],[[{"name":"joinRoom_three","rect":[216,106,35,48],"offset":[1,-3],"originalSize":[247,102],"capInsets":[0,0,0,0]}],[0],0,[0],[2],[1]],[[{"name":"joinRoom_seven","rect":[127,204,37,48],"offset":[5,-3],"originalSize":[247,102],"rotated":1,"capInsets":[0,0,0,0]}],[0],0,[0],[2],[1]],[[{"name":"joinRoom_nine","rect":[157,154,37,48],"offset":[5,-3],"originalSize":[247,102],"capInsets":[0,0,0,0]}],[0],0,[0],[2],[1]],[[{"name":"singleColor","rect":[0,0,2,2],"offset":[0,0],"originalSize":[2,2],"capInsets":[0,0,0,0]}],[0],0,[0],[2],[18]],[[{"name":"joinRoom_num_bg","rect":[2,106,73,70],"offset":[1,0],"originalSize":[75,70],"capInsets":[0,0,0,0]}],[0],0,[0],[2],[1]],[[{"name":"joinRoom_eight","rect":[196,156,37,48],"offset":[3,-3],"originalSize":[247,102],"rotated":1,"capInsets":[0,0,0,0]}],[0],0,[0],[2],[1]],[[{"name":"joinRoom_reInput","rect":[77,106,87,46],"offset":[2,-3],"originalSize":[247,102],"capInsets":[0,0,0,0]}],[0],0,[0],[2],[1]],[[{"name":"joinRoom_six","rect":[77,204,37,48],"offset":[1,-3],"originalSize":[247,102],"rotated":1,"capInsets":[0,0,0,0]}],[0],0,[0],[2],[1]],[[{"name":"joinRoom_two","rect":[118,154,37,48],"offset":[0,-2],"originalSize":[247,102],"capInsets":[0,0,0,0]}],[0],0,[0],[2],[1]],[[{"name":"touming","rect":[234,95,1,1],"offset":[117,-47.5],"originalSize":[235,96],"capInsets":[0,0,0,0]}],[0],0,[0],[2],[19]],[[{"name":"default_panel","rect":[0,0,20,20],"offset":[0,0],"originalSize":[20,20],"capInsets":[6,6,6,6]}],[0],0,[0],[2],[20]],[[{"name":"joinRoom_five","rect":[196,195,35,48],"offset":[1,-3],"originalSize":[247,102],"rotated":1,"capInsets":[0,0,0,0]}],[0],0,[0],[2],[1]],[[{"name":"joinRoom_selected","rect":[2,2,247,102],"offset":[0,0],"originalSize":[247,102],"capInsets":[0,0,0,0]}],[0],0,[0],[2],[1]],[[{"name":"joinRoom_one","rect":[2,226,23,48],"offset":[-1,-2],"originalSize":[247,102],"rotated":1,"capInsets":[0,0,0,0]}],[0],0,[0],[2],[1]],[[{"name":"joinRoom_zero","rect":[77,154,39,48],"offset":[4,-3],"originalSize":[247,102],"capInsets":[0,0,0,0]}],[0],0,[0],[2],[1]]]]