[1,["bcjvQXdjhJjJu1ioT+FJWV","1eh2ubpUxMwLVG6Hvcap97"],["_textureSetter","spriteFrame"],["cc.SpriteFrame",["cc.BitmapFont",["_name","fontSize","_fntConfig"],0]],[[1,0,1,2,4]],[[[{"name":"enligsh-chinese","rect":[3,2,501,171],"offset":[-2.5,40.5],"originalSize":[512,256],"capInsets":[0,0,0,0]}],[0],0,[0],[0],[0]],[[[0,"enligsh-chinese",40,{"commonHeight":43,"fontSize":40,"atlasName":"enligsh-chinese.png","fontDefDictionary":{"32":{"xOffset":0,"yOffset":37,"xAdvance":20,"rect":{"x":261,"y":151,"width":0,"height":0}},"33":{"xOffset":7,"yOffset":4,"xAdvance":20,"rect":{"x":368,"y":82,"width":10,"height":33}},"34":{"xOffset":5,"yOffset":0,"xAdvance":20,"rect":{"x":44,"y":151,"width":14,"height":15}},"35":{"xOffset":2,"yOffset":5,"xAdvance":20,"rect":{"x":419,"y":47,"width":20,"height":33}},"36":{"xOffset":1,"yOffset":1,"xAdvance":20,"rect":{"x":231,"y":2,"width":21,"height":39}},"37":{"xOffset":1,"yOffset":4,"xAdvance":20,"rect":{"x":480,"y":2,"width":22,"height":33}},"38":{"xOffset":1,"yOffset":4,"xAdvance":20,"rect":{"x":74,"y":47,"width":21,"height":33}},"39":{"xOffset":6,"yOffset":0,"xAdvance":20,"rect":{"x":60,"y":151,"width":11,"height":14}},"40":{"xOffset":4,"yOffset":1,"xAdvance":20,"rect":{"x":10,"y":2,"width":15,"height":40}},"41":{"xOffset":4,"yOffset":1,"xAdvance":20,"rect":{"x":27,"y":2,"width":15,"height":40}},"42":{"xOffset":0,"yOffset":8,"xAdvance":20,"rect":{"x":212,"y":117,"width":23,"height":26}},"43":{"xOffset":2,"yOffset":10,"xAdvance":20,"rect":{"x":23,"y":151,"width":19,"height":21}},"44":{"xOffset":7,"yOffset":28,"xAdvance":20,"rect":{"x":107,"y":151,"width":9,"height":13}},"45":{"xOffset":2,"yOffset":17,"xAdvance":20,"rect":{"x":190,"y":151,"width":19,"height":7}},"46":{"xOffset":7,"yOffset":28,"xAdvance":20,"rect":{"x":137,"y":151,"width":9,"height":9}},"47":{"xOffset":1,"yOffset":2,"xAdvance":20,"rect":{"x":254,"y":2,"width":21,"height":39}},"48":{"xOffset":3,"yOffset":4,"xAdvance":20,"rect":{"x":176,"y":82,"width":18,"height":33}},"49":{"xOffset":6,"yOffset":4,"xAdvance":20,"rect":{"x":355,"y":82,"width":11,"height":33}},"50":{"xOffset":3,"yOffset":3,"xAdvance":20,"rect":{"x":196,"y":82,"width":18,"height":33}},"51":{"xOffset":3,"yOffset":4,"xAdvance":20,"rect":{"x":216,"y":82,"width":18,"height":33}},"52":{"xOffset":2,"yOffset":4,"xAdvance":20,"rect":{"x":441,"y":47,"width":20,"height":33}},"53":{"xOffset":3,"yOffset":4,"xAdvance":20,"rect":{"x":236,"y":82,"width":18,"height":33}},"54":{"xOffset":3,"yOffset":4,"xAdvance":20,"rect":{"x":256,"y":82,"width":18,"height":33}},"55":{"xOffset":3,"yOffset":4,"xAdvance":20,"rect":{"x":276,"y":82,"width":18,"height":33}},"56":{"xOffset":3,"yOffset":4,"xAdvance":20,"rect":{"x":296,"y":82,"width":18,"height":33}},"57":{"xOffset":3,"yOffset":4,"xAdvance":20,"rect":{"x":316,"y":82,"width":18,"height":33}},"58":{"xOffset":7,"yOffset":13,"xAdvance":20,"rect":{"x":495,"y":117,"width":10,"height":24}},"59":{"xOffset":7,"yOffset":13,"xAdvance":20,"rect":{"x":200,"y":117,"width":10,"height":28}},"60":{"xOffset":2,"yOffset":5,"xAdvance":20,"rect":{"x":47,"y":117,"width":20,"height":31}},"61":{"xOffset":2,"yOffset":14,"xAdvance":20,"rect":{"x":86,"y":151,"width":19,"height":13}},"62":{"xOffset":2,"yOffset":5,"xAdvance":20,"rect":{"x":69,"y":117,"width":20,"height":31}},"63":{"xOffset":1,"yOffset":4,"xAdvance":20,"rect":{"x":97,"y":47,"width":21,"height":33}},"64":{"xOffset":1,"yOffset":4,"xAdvance":20,"rect":{"x":120,"y":47,"width":21,"height":33}},"65":{"xOffset":1,"yOffset":4,"xAdvance":20,"rect":{"x":143,"y":47,"width":21,"height":33}},"66":{"xOffset":1,"yOffset":4,"xAdvance":20,"rect":{"x":451,"y":82,"width":21,"height":32}},"67":{"xOffset":1,"yOffset":4,"xAdvance":20,"rect":{"x":166,"y":47,"width":21,"height":33}},"68":{"xOffset":1,"yOffset":4,"xAdvance":20,"rect":{"x":474,"y":82,"width":21,"height":32}},"69":{"xOffset":2,"yOffset":4,"xAdvance":20,"rect":{"x":25,"y":117,"width":20,"height":32}},"70":{"xOffset":2,"yOffset":4,"xAdvance":20,"rect":{"x":463,"y":47,"width":20,"height":33}},"71":{"xOffset":1,"yOffset":4,"xAdvance":20,"rect":{"x":189,"y":47,"width":21,"height":33}},"72":{"xOffset":2,"yOffset":4,"xAdvance":20,"rect":{"x":485,"y":47,"width":20,"height":33}},"73":{"xOffset":8,"yOffset":4,"xAdvance":20,"rect":{"x":390,"y":82,"width":7,"height":33}},"74":{"xOffset":1,"yOffset":4,"xAdvance":20,"rect":{"x":212,"y":47,"width":21,"height":33}},"75":{"xOffset":2,"yOffset":4,"xAdvance":20,"rect":{"x":2,"y":82,"width":20,"height":33}},"76":{"xOffset":2,"yOffset":3,"xAdvance":20,"rect":{"x":24,"y":82,"width":20,"height":33}},"77":{"xOffset":1,"yOffset":4,"xAdvance":20,"rect":{"x":2,"y":47,"width":22,"height":33}},"78":{"xOffset":2,"yOffset":4,"xAdvance":20,"rect":{"x":46,"y":82,"width":20,"height":33}},"79":{"xOffset":1,"yOffset":4,"xAdvance":20,"rect":{"x":26,"y":47,"width":22,"height":33}},"80":{"xOffset":1,"yOffset":4,"xAdvance":20,"rect":{"x":235,"y":47,"width":21,"height":33}},"81":{"xOffset":1,"yOffset":4,"xAdvance":20,"rect":{"x":258,"y":47,"width":21,"height":33}},"82":{"xOffset":1,"yOffset":4,"xAdvance":20,"rect":{"x":281,"y":47,"width":21,"height":33}},"83":{"xOffset":1,"yOffset":4,"xAdvance":20,"rect":{"x":304,"y":47,"width":21,"height":33}},"84":{"xOffset":1,"yOffset":4,"xAdvance":20,"rect":{"x":50,"y":47,"width":22,"height":33}},"85":{"xOffset":2,"yOffset":4,"xAdvance":20,"rect":{"x":68,"y":82,"width":20,"height":33}},"86":{"xOffset":1,"yOffset":4,"xAdvance":20,"rect":{"x":327,"y":47,"width":21,"height":33}},"87":{"xOffset":1,"yOffset":4,"xAdvance":20,"rect":{"x":350,"y":47,"width":21,"height":33}},"88":{"xOffset":1,"yOffset":4,"xAdvance":20,"rect":{"x":373,"y":47,"width":21,"height":33}},"89":{"xOffset":1,"yOffset":4,"xAdvance":20,"rect":{"x":396,"y":47,"width":21,"height":33}},"90":{"xOffset":1,"yOffset":4,"xAdvance":20,"rect":{"x":2,"y":117,"width":21,"height":32}},"91":{"xOffset":5,"yOffset":1,"xAdvance":20,"rect":{"x":44,"y":2,"width":13,"height":40}},"92":{"xOffset":1,"yOffset":2,"xAdvance":20,"rect":{"x":277,"y":2,"width":21,"height":39}},"93":{"xOffset":5,"yOffset":1,"xAdvance":20,"rect":{"x":59,"y":2,"width":13,"height":40}},"94":{"xOffset":3,"yOffset":2,"xAdvance":20,"rect":{"x":118,"y":151,"width":17,"height":9}},"95":{"xOffset":0,"yOffset":37,"xAdvance":20,"rect":{"x":211,"y":151,"width":23,"height":6}},"96":{"xOffset":6,"yOffset":0,"xAdvance":20,"rect":{"x":73,"y":151,"width":11,"height":14}},"97":{"xOffset":2,"yOffset":13,"xAdvance":20,"rect":{"x":395,"y":117,"width":19,"height":24}},"98":{"xOffset":2,"yOffset":4,"xAdvance":20,"rect":{"x":90,"y":82,"width":20,"height":33}},"99":{"xOffset":2,"yOffset":13,"xAdvance":20,"rect":{"x":285,"y":117,"width":20,"height":24}},"100":{"xOffset":2,"yOffset":4,"xAdvance":20,"rect":{"x":112,"y":82,"width":20,"height":33}},"101":{"xOffset":2,"yOffset":13,"xAdvance":20,"rect":{"x":307,"y":117,"width":20,"height":24}},"102":{"xOffset":3,"yOffset":4,"xAdvance":20,"rect":{"x":336,"y":82,"width":17,"height":33}},"103":{"xOffset":1,"yOffset":13,"xAdvance":20,"rect":{"x":91,"y":117,"width":22,"height":29}},"104":{"xOffset":2,"yOffset":4,"xAdvance":20,"rect":{"x":134,"y":82,"width":19,"height":33}},"105":{"xOffset":8,"yOffset":4,"xAdvance":20,"rect":{"x":380,"y":82,"width":8,"height":33}},"106":{"xOffset":5,"yOffset":4,"xAdvance":20,"rect":{"x":381,"y":2,"width":13,"height":38}},"107":{"xOffset":2,"yOffset":4,"xAdvance":20,"rect":{"x":155,"y":82,"width":19,"height":33}},"108":{"xOffset":8,"yOffset":4,"xAdvance":20,"rect":{"x":399,"y":82,"width":7,"height":33}},"109":{"xOffset":1,"yOffset":13,"xAdvance":20,"rect":{"x":237,"y":117,"width":22,"height":24}},"110":{"xOffset":2,"yOffset":13,"xAdvance":20,"rect":{"x":416,"y":117,"width":19,"height":24}},"111":{"xOffset":2,"yOffset":13,"xAdvance":20,"rect":{"x":329,"y":117,"width":20,"height":24}},"112":{"xOffset":2,"yOffset":13,"xAdvance":20,"rect":{"x":115,"y":117,"width":20,"height":29}},"113":{"xOffset":2,"yOffset":13,"xAdvance":20,"rect":{"x":137,"y":117,"width":20,"height":29}},"114":{"xOffset":5,"yOffset":13,"xAdvance":20,"rect":{"x":479,"y":117,"width":14,"height":24}},"115":{"xOffset":2,"yOffset":13,"xAdvance":20,"rect":{"x":437,"y":117,"width":19,"height":24}},"116":{"xOffset":3,"yOffset":8,"xAdvance":20,"rect":{"x":181,"y":117,"width":17,"height":28}},"117":{"xOffset":2,"yOffset":13,"xAdvance":20,"rect":{"x":458,"y":117,"width":19,"height":24}},"118":{"xOffset":2,"yOffset":13,"xAdvance":20,"rect":{"x":351,"y":117,"width":20,"height":24}},"119":{"xOffset":1,"yOffset":13,"xAdvance":20,"rect":{"x":261,"y":117,"width":22,"height":24}},"120":{"xOffset":2,"yOffset":13,"xAdvance":20,"rect":{"x":373,"y":117,"width":20,"height":24}},"121":{"xOffset":2,"yOffset":13,"xAdvance":20,"rect":{"x":159,"y":117,"width":20,"height":29}},"122":{"xOffset":2,"yOffset":13,"xAdvance":20,"rect":{"x":2,"y":151,"width":19,"height":23}},"123":{"xOffset":5,"yOffset":1,"xAdvance":20,"rect":{"x":74,"y":2,"width":13,"height":40}},"124":{"xOffset":9,"yOffset":0,"xAdvance":20,"rect":{"x":2,"y":2,"width":6,"height":43}},"125":{"xOffset":5,"yOffset":1,"xAdvance":20,"rect":{"x":89,"y":2,"width":13,"height":40}},"126":{"xOffset":0,"yOffset":0,"xAdvance":20,"rect":{"x":236,"y":151,"width":23,"height":6}},"19968":{"xOffset":2,"yOffset":16,"xAdvance":40,"rect":{"x":148,"y":151,"width":40,"height":7}},"19971":{"xOffset":1,"yOffset":1,"xAdvance":40,"rect":{"x":300,"y":2,"width":40,"height":38}},"19977":{"xOffset":2,"yOffset":3,"xAdvance":40,"rect":{"x":439,"y":2,"width":39,"height":36}},"20061":{"xOffset":2,"yOffset":2,"xAdvance":40,"rect":{"x":189,"y":2,"width":40,"height":39}},"20108":{"xOffset":1,"yOffset":6,"xAdvance":40,"rect":{"x":408,"y":82,"width":41,"height":32}},"20116":{"xOffset":1,"yOffset":2,"xAdvance":40,"rect":{"x":396,"y":2,"width":41,"height":37}},"20843":{"xOffset":1,"yOffset":2,"xAdvance":40,"rect":{"x":104,"y":2,"width":41,"height":39}},"20845":{"xOffset":2,"yOffset":1,"xAdvance":40,"rect":{"x":147,"y":2,"width":40,"height":39}},"22235":{"xOffset":3,"yOffset":3,"xAdvance":40,"rect":{"x":342,"y":2,"width":37,"height":38}}},"kerningDict":{}}]],0,0,[0],[1],[1]]]]