{"paths":{},"types":[],"uuids":["0c8PvAuKBIWLR4ncZHnjik","2b8IjRpTdOWYIi2fyK+gz1","aaWv5y++BKca1XdI+RpP9J","b0zGD3jmVACK0//RrJzo77","bcjvQXdjhJjJu1ioT+FJWV","c9wN+Z9WBLKoKjHnN9vLGm","d8HsitJHxOYqo801xBk8ev","0ekDfLGctOfqIcLXeHPoD/","14Y5nctGZHlb5smp6okGrM","1eh2ubpUxMwLVG6Hvcap97","248sz8FqdBEo2fV2TRBT1y","2avP8WdhtEArN6YZHOtX8S","3cmiu7xMJP+rTsz1ZoJltV","3dMBJGwwhFFKCkrEE4eUiw","3f5v86NMNGLLqFr8Gtl+Et","47NwwCAiJPNYcyi5nRtk5F","47xgsLGcFGR4lRlf87UDpy","56ff5lpJtPX4efZEMyGq7C","57iti6DFNFEY12X/9JK0ep","7dauTGb8pIzIEqx8DMSbTw","8cvdR1ymlLQri/yGmCohH8","9bvaMerUlDyary99mJa6xp","b3X84UleRGlZxhrOoWOF6d","d1tWe39VJHwb4Xpzrhu/a6","d7THQT3jdPOIfTjTkMX3YW","f2ZLjqZsJJoK0+XyYfBu1B","fela/Rr3VLEq9UdgC1dhMv"],"scenes":{"db://assets/scene/hall.fire":1},"redirect":[],"deps":[],"packs":{"04ef2cc67":[7,8,10,11,12,13,14,15,16,17,18,19,20,21,22,23,24,26],"0b1d0e01a":[9,25],"0dd1028f2":[0,2,3,4,6]},"name":"main","importBase":"import","nativeBase":"native","debug":false,"isZip":false,"encrypted":false,"versions":{"import":["04ef2cc67","36aa4","0b1d0e01a","2eba7","0dd1028f2","81bd9",1,"1a4c9",5,"b9194"],"native":[0,"e5136",2,"27661",3,"fa044",4,"ded8b",5,"f7c9c",6,"cdbc9"]}}